Location_Type,Total_Revenue,Total_Orders
Urban,39234631.580000535,142332
Rural,66790379.95999795,252528
