City,Total_Revenue,Total_Orders
Bengaluru,10913596.820000054,40154
Lucknow,6234719.299999977,20384
Hyderabad,6043423.23999997,20618
Mumbai,6031146.700000005,21014
"New Delhi",5658361.199999982,20382
Ahmedabad,5635672.039999969,20370
Chandigarh,5618881.379999946,20130
Kolkata,5325603.519999967,20092
Chennai,5285189.259999953,20084
Jaipur,5005865.219999984,20572
