"Restaurant Name",Total_Orders,Total_Revenue
KFC,25922,8493903.3999997
McDonald's,27060,6686189.160000034
"Pizza Hut",13058,4266531.379999994
"Burger King",14232,3801634.1799999895
"Domino's Pizza",10984,3668044.6399999834
"Olio - The Wood Fired Pizzeria",6482,2472738
"LunchBox - Meals and Thalis",9400,2202282
"Baskin Robbins - Ice Cream Desserts",8394,1721183.8799999875
"Faasos - Wraps, Rolls & Shawarma",6512,1560430
"The Good Bowl",5330,1346686
