City,Total_Revenue
Bengaluru,10913596.820000054
Lucknow,6234719.299999977
Hyderabad,6043423.23999997
Mumbai,6031146.700000005
"New Delhi",5658361.199999982
Ahmedabad,5635672.039999969
Chandigarh,5618881.379999946
Kolkata,5325603.519999967
Chennai,5285189.259999953
Jaipur,5005865.219999984
