State,Total_Revenue,Total_Orders
Karnataka,10913596.820000054,40154
"Uttar Pradesh",6234719.299999977,20384
Telangana,6043423.23999997,20618
Maharashtra,6031146.700000005,21014
Delhi,5658361.199999982,20382
