Food_Type,Total_Orders,Total_Revenue
Others,209558,48428053.98000014
Veg,81530,24041790.7000006
"Non Veg",103772,33555166.86000189
